id;digit;email;first;last;phone
id;845206656474;zubec@hagovum.pr;Isabella;Meyer;(286) 759-9998
id;435272692;jomikup@fujef.it;Chad;Lewis;(666) 259-8367
id;104338199;te@hik.gh;Leon;Reid;(970) 473-2620
id;26130709;foihsa@pi.lt;Chester;Greene;(255) 756-6026
id;845375;fisa@co.cx;Eugene;Lane;(527) 918-6999
id;0399843229608501;ommu@umve.pn;Brandon;Morgan;(246) 392-5724
id;283096338331292345;fukcu@ezoadi.sa;Georgie;Pittman;(733) 240-8241
id;4556195987;hu@utuvu.gq;Victoria;Jenkins;(776) 371-8518
id;638405;sa@gepzuitu.ch;Alfred;Hubbard;(746) 734-7948
id;736013835;faj@hapzif.gy;Leo;Thornton;(267) 643-2649
id;3819971;riarago@kemta.tn;Claudia;Brady;(772) 618-5337
id;181718980233569995;fu@cercuike.gq;Chris;Shaw;(447) 697-9453
id;52102596574142410;dug@tutu.ge;Joshua;Shelton;(948) 532-6069
id;5103322621;garit@zug.th;Lelia;Berry;(789) 817-9075
id;26352259738962;zejirni@sijebus.pl;Erik;Pratt;(333) 604-3879
id;9603119162956814;dagdij@defwe.ao;Cecilia;Yates;(430) 826-1517
id;854239827958;woh@bir.bd;Isabelle;Fox;(577) 271-5889
id;24078447436175;konat@fifpogav.lv;Claudia;Manning;(340) 848-9763
id;57018;covgov@hiomuf.tt;Jesus;Gross;(730) 784-6314
id;64438650946924207;utoimo@em.io;Barry;Padilla;(353) 748-7001
id;26809538651;abiwimfo@ohogoej.id;Frederick;Townsend;(401) 556-9796
id;9748094849727035417;dauctal@ba.bn;Bernice;Thompson;(869) 638-2797
id;306335037;jiogosod@ega.pk;Walter;Coleman;(985) 398-9664
id;9451812;vig@mipvat.za;Ophelia;Wade;(471) 317-2761
id;532316754;berun@jazagmi.cz;Glen;Paul;(704) 490-5606
id;8609039784038747614;muvhes@be.ug;Helena;Stone;(780) 883-2180
id;568965808;pilgo@cu.lc;Marguerite;Peterson;(705) 629-6206
id;63850549220955;egodi@zeg.md;Jennie;Atkins;(266) 361-1595
id;5158443845654781;hagkadnuh@un.im;Myrtle;Salazar;(305) 259-7120
id;48363441985606;rawukuji@pol.gr;Eunice;Tran;(700) 512-8090
id;82200372162984611;mema@usemaheg.sr;Lois;Carter;(603) 987-6920
id;68050364695098;pa@sewo.bm;Francis;Shelton;(603) 921-9807
id;5531423287324687799;wuvfebkam@cer.cr;Theresa;Gregory;(228) 820-4953
id;7500327566050;sawuv@mowdu.tg;Ricky;Clayton;(405) 992-3979
id;6148406160341;zilu@foko.cy;Katharine;Joseph;(382) 909-1834
id;991651;bimdemaf@go.nr;Chester;Foster;(806) 310-7861
id;79825;je@nerjovi.bn;Milton;Baker;(603) 944-6342
id;035238485311922658;du@picukuj.lr;Elijah;Kelly;(944) 410-9359
id;661282;bucuziwag@hudbouc.ms;Myra;Allen;(343) 313-6358
id;713057196719827;zedwopew@wokzizuk.hn;Allie;Goodman;(935) 508-1387
id;948732772;janok@kughidzin.at;Dorothy;Vaughn;(654) 835-2338
id;9923654;uda@eh.gh;Peter;Fitzgerald;(427) 946-5886
id;2099584682;buzuk@li.ky;Wayne;Cummings;(917) 696-3436
id;928588196055765;memob@pel.org;Cody;Hogan;(437) 761-1147
id;0214742839500606777;pupewaw@neudca.va;Hettie;Holloway;(845) 263-9841
id;90079;hi@lepa.eu;Marguerite;Frazier;(622) 644-7363
id;0988845931078024537;cuv@kip.tr;Alberta;Colon;(377) 854-3965
id;32034638007984;tamliz@mocissih.np;Cole;Cox;(949) 861-7008
id;40587704695837893;ceh@talhu.et;Logan;Anderson;(322) 294-9713
id;235546;jazzadalo@buksaij.uy;Travis;Moreno;(812) 621-2516
id;864493;maw@ed.us;Lester;Castro;(927) 806-3422
id;1399996216504012;bonrawo@kumra.mu;Lulu;Knight;(270) 492-1478
id;7863559035;give@sijmif.ae;Lettie;Barrett;(786) 520-6214
id;090660616;gupkog@katihaca.kh;Bryan;Richards;(806) 210-7414
id;00991362469779898;nahafu@pon.co;Daniel;Love;(888) 950-9881
id;172781643397;niguiv@ru.su;Clara;Keller;(906) 378-8702
id;3095373;nun@leenopel.af;Jack;Russell;(653) 325-2508
id;3656895978474359395;ekcun@pa.nc;Lois;Burns;(880) 915-9854
id;110664806495;feel@foehi.cm;Dollie;James;(505) 258-9810
id;57177962544597890;burpo@reku.ht;Adele;Taylor;(978) 473-7095
id;858668620993769;can@emebeksap.bj;Charlotte;Stephens;(907) 578-9646
id;479491;bokmop@zuncumpu.tl;Martin;Jacobs;(367) 374-5685
id;08965;ju@olzon.io;Ada;Johnson;(450) 425-1534
id;141575025463;nafdeifo@minfo.vg;Kenneth;Wright;(839) 480-2283
id;0620449;wibno@hulir.dm;Rachel;Padilla;(812) 603-5889
id;7115163075835639812;ke@sespaabu.kw;Birdie;Rios;(903) 450-4322
id;3890327159;goveal@waptoj.vg;Matthew;Roberts;(240) 304-6740
id;41045667011307587;fewartel@av.ps;Cole;Lawson;(786) 944-7091
id;9672178826391832;tizeken@sizput.pm;Adeline;Jensen;(207) 963-4181
id;627941824599778380;taw@tewjemip.ad;Milton;Norman;(284) 221-7396
id;07010831;roc@kethombe.am;Lula;Steele;(854) 782-3442
id;3584909981877;woicbib@aflefof.pk;Henry;McBride;(723) 595-7606
id;855530529;zawwipigu@kuj.bv;Travis;Haynes;(369) 257-9246
id;496177950828;vi@gosew.bj;Charles;Diaz;(480) 407-2826
id;8946222577818417;va@veli.tt;Marcus;Cox;(222) 810-2842
id;51571673999651066142;henihfav@panogoc.ng;Leonard;Herrera;(930) 730-4666
id;057576769895170;sitricum@sot.ec;Lee;Brown;(281) 766-1641
id;451131;lo@abacohu.zw;Vera;Thompson;(339) 372-3459
id;0753294842749966;socvijar@senum.ax;Linnie;McKinney;(439) 245-8467
id;11765230;zinbuwas@bavcu.mv;Glenn;Griffin;(952) 921-9457
id;9228509383539636611;sipilo@numtu.nz;Albert;Welch;(557) 214-9420
id;33182731;jonda@sorieb.cf;Walter;Meyer;(674) 737-4959
id;9069922392899;uk@im.gm;Nettie;Olson;(208) 375-7878
id;57686;oci@zima.ru;Rosetta;Meyer;(466) 279-2361
id;428314576;he@dugez.tg;Della;Edwards;(952) 248-4899
id;12085792798706803;jofifin@laib.ye;Brian;Buchanan;(843) 329-8719
id;1001861016313506;bazukjo@ub.tp;Madge;Bowers;(752) 656-1620
id;5983691873255599;hi@tuhi.qa;Jon;Turner;(655) 460-3962
id;05910213411729167;lat@lopode.kr;Adelaide;Walker;(447) 539-9271
id;21616;tuwo@ne.td;Dominic;Carpenter;(777) 345-3723
id;6551388323966;ki@lef.nz;Anne;Brady;(614) 250-5463
id;0069062;woplipfab@mimpik.pa;Betty;Day;(862) 710-2396
id;01568654709008264;iv@vejevib.bz;Justin;Ball;(903) 618-8915
id;0313537371;huobzo@kajud.gh;Jose;Daniel;(522) 883-1886
id;47415068457349385756;lige@davneb.bj;Victor;Drake;(529) 827-7707
id;32216;tig@russamkuk.ss;Ina;Romero;(739) 367-9472
id;01554895965452161300;hubif@fe.td;Franklin;Jennings;(420) 784-7778
id;74304627908;foruelu@lidnaccuc.si;Maurice;Owens;(883) 843-5403
id;201327943451687835;nuglavrec@kiobi.gw;Chase;Berry;(430) 546-1614
id;101782473600009136;sawad@wofufve.kr;Eula;McCoy;(428) 982-7228

