id	digit	email	first	last	phone
id	3196984579938314658	wom@cajzugi.uk	Jack	Erickson	(974) 605-2099
id	45981282845812	ci@takeg.to	Martin	Warren	(814) 918-4492
id	41205	futkun@pin.sj	Lottie	Lewis	(563) 567-8358
id	23660414761394	mem@favadil.mx	Lora	Hicks	(433) 278-1614
id	3841856862260	can@fepfi.sd	Eunice	Frank	(500) 755-9372
id	87207759967430054	fe@tagig.ng	Landon	Day	(358) 248-8577
id	33916811	sicajlat@urka.lc	Bruce	Fletcher	(972) 557-9545
id	734867255568937766	opafo@isojisinu.py	Elnora	Ryan	(661) 336-1171
id	164067147	wojvatac@tam.bj	Nora	Robertson	(662) 288-7194
id	1941802699318081	bepaci@razrag.sh	Barry	Murphy	(583) 644-5098
id	371306715300	asu@wod.gt	Francisco	Yates	(538) 900-5979
id	6024748050003728	mivemna@vul.bq	Virgie	Bailey	(310) 279-5902
id	802441910626	rawosnet@fijor.kr	Leon	Hale	(627) 794-5313
id	43847999053256047	matpe@goguro.mt	Edith	Martinez	(274) 520-7462
id	64743	bi@vovwag.bd	Rose	Vaughn	(244) 277-3386
id	885650542551905	rode@uhe.bm	Barbara	Cunningham	(972) 537-6214
id	756264158693	opmimo@te.bs	Steve	Craig	(912) 811-7849
id	392063	wi@rov.ph	Kathryn	Logan	(702) 639-9425
id	7339266945020	ah@le.np	Brian	Ramos	(836) 492-8348
id	14932506273792	benortab@cocafum.ls	Caleb	Lucas	(756) 312-1530
id	650684639	boonaam@nafu.cd	Randall	Baker	(372) 926-4588
id	4863569128700	toncokta@hum.my	Duane	Mills	(905) 263-3499
id	75824491	oduor@povome.ci	Adam	Fowler	(782) 947-7618
id	90035	fe@vefcaw.vi	Gabriel	Fitzgerald	(310) 894-7646
id	478106896246386	jufekfim@gop.hm	Roxie	Munoz	(214) 634-9999
id	741392	vavu@boti.iq	Kathryn	Morales	(311) 585-8689
id	7366527859057966	un@kulaf.zm	Claudia	Phelps	(688) 352-6302
id	506045999915	piv@monreoh.io	John	Russell	(780) 242-3047
id	761248757380327565	ra@gurikkec.ae	Don	Brewer	(530) 243-8859
id	1657436681	obabeke@ro.is	Lora	Reyes	(556) 589-2508
id	70351	no@ke.gov	Roy	Taylor	(383) 951-8940
id	87284177871	ocbu@it.la	Jerry	Webb	(975) 446-1993
id	0898968	pafhod@zeno.sa	Mittie	Guerrero	(562) 660-4975
id	16075411463871	ecgo@uco.va	Nell	Phelps	(339) 290-5861
id	2422542	nibes@momefe.nz	Ethan	Mann	(736) 898-4283
id	9313148971391470	emvo@fitiruada.gm	James	Abbott	(677) 570-4828
id	302324645531	ug@ukesa.aq	Sylvia	Webb	(565) 250-9887
id	50397	pig@cezdu.ke	Harvey	Ford	(750) 993-2658
id	7662940104	posas@gosfa.dk	Phillip	Walters	(283) 727-2698
id	8518225881071608	elizerov@go.pm	Mable	Davis	(751) 715-4663
id	15696657669551591	rifnodeli@sosvaw.bf	Julian	Green	(771) 883-8704
id	1284028	sohet@rib.cl	Beatrice	Ingram	(824) 992-9544
id	17569348	behij@tajolpoh.pn	Randy	Medina	(528) 215-2862
id	07981645605545810	fonbeuti@eka.mm	Blanche	Floyd	(233) 777-4907
id	384816	ifabjav@sih.ee	Gordon	Bryan	(787) 956-8219
id	4936152729129640	nehawuwaj@jelli.mo	Belle	Kelley	(389) 959-8828
id	69777370358	cuhak@fig.il	Sallie	Buchanan	(682) 709-2908
id	943837579570793	nu@kazdilmup.lv	Irene	Howell	(248) 945-3715
id	31821852864415	bulezfe@sukhol.bg	Jorge	Cunningham	(301) 957-5405
id	9038775489	bodwoop@cib.sl	Leonard	Caldwell	(362) 343-2490
id	773155	boca@emnazsil.je	Russell	Buchanan	(941) 430-6476
id	5148402043912	poj@napfanik.cw	Hannah	Cole	(250) 360-5351
id	053925261	lifsujiv@woce.cz	Isabelle	Moody	(867) 994-7003
id	1243781903	vutse@vizta.ml	Blake	Yates	(563) 229-2199
id	4566844953410	gihejbov@nenjuhud.mp	Laura	Rose	(280) 585-6067
id	485716474691	ocrornu@ralcu.qa	Walter	Hanson	(464) 685-2867
id	252153	nibap@hinbib.ky	Aaron	Silva	(904) 801-4086
id	845292191	farol@kigofkev.an	Justin	Edwards	(523) 302-1699
id	5487785881	codanifi@akgik.kh	Cecilia	Patterson	(575) 330-7076
id	21461829153912650716	boblazki@za.tt	Logan	Jennings	(929) 323-3126
id	7986919	ukriw@jondi.ru	Myrtie	Fleming	(771) 273-8047
id	3153536	dolom@duna.ke	Nellie	Arnold	(443) 291-3999
id	8466125607	vasaz@geppew.kh	Carlos	Simon	(215) 967-3433
id	24784436017844948669	moliw@fot.gy	Gerald	Johnson	(934) 272-9943
id	73351032379437308	iv@afunu.ga	Mitchell	Cummings	(935) 366-6190
id	651537	fulozuf@jaterpa.sg	Stephen	Austin	(423) 480-9346
id	21708329720	bonpukam@ve.sa	Devin	Cortez	(583) 619-9266
id	109853791	ja@biebede.uz	Jeremiah	Tran	(956) 796-4459
id	367244306	fiojvub@cumot.pa	James	Stephens	(725) 580-4030
id	375347013	hilangen@zogfemu.bm	Sophie	Moreno	(947) 421-3576
id	031653954	hiwpilse@nihukdoc.tv	Vernon	Griffith	(272) 400-8790
id	159004712527715707	tigvad@gaug.bq	Manuel	Griffin	(813) 297-4087
id	27551319818936331674	pur@dod.ph	Cynthia	Pena	(845) 842-5067
id	01054880100364705	bi@sapa.de	Russell	Ortega	(307) 798-4784
id	31045742352856418973	kaza@suceguj.pa	Jeanette	Reynolds	(878) 432-9771
id	5403882399882	jahu@ese.hu	Minerva	Ruiz	(210) 396-6494
id	93690	urimuwbij@orkurzo.pf	Duane	Silva	(217) 445-7179
id	95001	nonbuvwa@bat.gd	Jerome	Bell	(525) 346-8550
id	2861554450891678272	befib@pahufhol.ly	Frances	Moreno	(600) 539-6482
id	5628902	iphepdeh@vafu.iq	Allie	Jimenez	(868) 275-3365
id	2655065271236164585	behud@okfo.ad	Alexander	Houston	(918) 844-7268
id	86473210190	lonogaep@giwbu.gy	Isabelle	Garza	(950) 588-4440
id	8053169	fihro@iwo.gt	Alberta	Bailey	(635) 377-2370
id	47497259	niegcek@da.uz	Joe	Manning	(903) 490-5413
id	99138035978278	vifgo@duvge.do	Dale	Matthews	(280) 703-8230
id	75311025143966028	penbaze@pehhijdot.vu	Arthur	Marshall	(634) 368-5547
id	70312777837087304666	zijalza@osefu.py	Viola	Roberts	(745) 403-9213
id	23563157	tuzi@uhipe.sr	Melvin	Meyer	(405) 993-3483
id	1886864107706	za@lu.bs	Jason	Franklin	(513) 753-7264
id	01736317054	cud@mihzah.kh	Lloyd	Mann	(778) 532-5695
id	7645702481308858	wopfehoh@riduk.lt	Gilbert	Greene	(789) 922-6680
id	579637692853	manpa@sajwen.pn	Lois	Park	(912) 402-9282
id	5932947911913559553	pek@zikkub.ua	Garrett	Thornton	(448) 362-6808
id	61627259984840161	ivoveidu@peptanjo.it	Bess	Waters	(711) 687-6236
id	70878148926499083	cu@basvo.mz	Jayden	Bates	(636) 926-9776
id	730630	wa@kecolpi.mm	Keith	Caldwell	(578) 317-6728
id	6591803052556445	viag@ibiseki.nl	Duane	Sutton	(585) 397-9492
id	761347212363826	su@ca.kw	Catherine	Brock	(786) 380-5819
id	8201955	evijimag@wutuw.vu	Cole	Powell	(227) 881-9584
id	4408880	mofagwup@fonu.id	Hannah	Hamilton	(956) 402-5711

